,ID,Count
0,18288,
1,18289,
2,18290,
3,18291,
4,18292,
5,18293,
6,18294,
7,18295,
8,18296,
9,18297,
10,18298,
11,18299,
12,18300,
13,18301,
14,18302,
15,18303,
16,18304,
17,18305,
18,18306,
19,18307,
20,18308,
21,18309,
22,18310,
23,18311,
24,18312,
25,18313,
26,18314,
27,18315,
28,18316,
29,18317,
30,18318,
31,18319,
32,18320,
33,18321,
34,18322,
35,18323,
36,18324,
37,18325,
38,18326,
39,18327,
40,18328,
41,18329,
42,18330,
43,18331,
44,18332,
45,18333,
46,18334,
47,18335,
48,18336,
49,18337,
50,18338,
51,18339,
52,18340,
53,18341,
54,18342,
55,18343,
56,18344,
57,18345,
58,18346,
59,18347,
60,18348,
61,18349,
62,18350,
63,18351,
64,18352,
65,18353,
66,18354,
67,18355,
68,18356,
69,18357,
70,18358,
71,18359,
72,18360,
73,18361,
74,18362,
75,18363,
76,18364,
77,18365,
78,18366,
79,18367,
80,18368,
81,18369,
82,18370,
83,18371,
84,18372,
85,18373,
86,18374,
87,18375,
88,18376,
89,18377,
90,18378,
91,18379,
92,18380,
93,18381,
94,18382,
95,18383,
96,18384,
97,18385,
98,18386,
99,18387,
100,18388,
101,18389,
102,18390,
103,18391,
104,18392,
105,18393,
106,18394,
107,18395,
108,18396,
109,18397,
110,18398,
111,18399,
112,18400,
113,18401,
114,18402,
115,18403,
116,18404,
117,18405,
118,18406,
119,18407,
120,18408,
121,18409,
122,18410,
123,18411,
124,18412,
125,18413,
126,18414,
127,18415,
128,18416,
129,18417,
130,18418,
131,18419,
132,18420,
133,18421,
134,18422,
135,18423,
136,18424,
137,18425,
138,18426,
139,18427,
140,18428,
141,18429,
142,18430,
143,18431,
144,18432,
145,18433,
146,18434,
147,18435,
148,18436,
149,18437,
150,18438,
151,18439,
152,18440,
153,18441,
154,18442,
155,18443,
156,18444,
157,18445,
158,18446,
159,18447,
160,18448,
161,18449,
162,18450,
163,18451,
164,18452,
165,18453,
166,18454,
167,18455,
168,18456,
169,18457,
170,18458,
171,18459,
172,18460,
173,18461,
174,18462,
175,18463,
176,18464,
177,18465,
178,18466,
179,18467,
180,18468,
181,18469,
182,18470,
183,18471,
184,18472,
185,18473,
186,18474,
187,18475,
188,18476,
189,18477,
190,18478,
191,18479,
192,18480,
193,18481,
194,18482,
195,18483,
196,18484,
197,18485,
198,18486,
199,18487,
200,18488,
201,18489,
202,18490,
203,18491,
204,18492,
205,18493,
206,18494,
207,18495,
208,18496,
209,18497,
210,18498,
211,18499,
212,18500,
213,18501,
214,18502,
215,18503,
216,18504,
217,18505,
218,18506,
219,18507,
220,18508,
221,18509,
222,18510,
223,18511,
224,18512,
225,18513,
226,18514,
227,18515,
228,18516,
229,18517,
230,18518,
231,18519,
232,18520,
233,18521,
234,18522,
235,18523,
236,18524,
237,18525,
238,18526,
239,18527,
240,18528,
241,18529,
242,18530,
243,18531,
244,18532,
245,18533,
246,18534,
247,18535,
248,18536,
249,18537,
250,18538,
251,18539,
252,18540,
253,18541,
254,18542,
255,18543,
256,18544,
257,18545,
258,18546,
259,18547,
260,18548,
261,18549,
262,18550,
263,18551,
264,18552,
265,18553,
266,18554,
267,18555,
268,18556,
269,18557,
270,18558,
271,18559,
272,18560,
273,18561,
274,18562,
275,18563,
276,18564,
277,18565,
278,18566,
279,18567,
280,18568,
281,18569,
282,18570,
283,18571,
284,18572,
285,18573,
286,18574,
287,18575,
288,18576,
289,18577,
290,18578,
291,18579,
292,18580,
293,18581,
294,18582,
295,18583,
296,18584,
297,18585,
298,18586,
299,18587,
300,18588,
301,18589,
302,18590,
303,18591,
304,18592,
305,18593,
306,18594,
307,18595,
308,18596,
309,18597,
310,18598,
311,18599,
312,18600,
313,18601,
314,18602,
315,18603,
316,18604,
317,18605,
318,18606,
319,18607,
320,18608,
321,18609,
322,18610,
323,18611,
324,18612,
325,18613,
326,18614,
327,18615,
328,18616,
329,18617,
330,18618,
331,18619,
332,18620,
333,18621,
334,18622,
335,18623,
336,18624,
337,18625,
338,18626,
339,18627,
340,18628,
341,18629,
342,18630,
343,18631,
344,18632,
345,18633,
346,18634,
347,18635,
348,18636,
349,18637,
350,18638,
351,18639,
352,18640,
353,18641,
354,18642,
355,18643,
356,18644,
357,18645,
358,18646,
359,18647,
360,18648,
361,18649,
362,18650,
363,18651,
364,18652,
365,18653,
366,18654,
367,18655,
368,18656,
369,18657,
370,18658,
371,18659,
372,18660,
373,18661,
374,18662,
375,18663,
376,18664,
377,18665,
378,18666,
379,18667,
380,18668,
381,18669,
382,18670,
383,18671,
384,18672,
385,18673,
386,18674,
387,18675,
388,18676,
389,18677,
390,18678,
391,18679,
392,18680,
393,18681,
394,18682,
395,18683,
396,18684,
397,18685,
398,18686,
399,18687,
400,18688,
401,18689,
402,18690,
403,18691,
404,18692,
405,18693,
406,18694,
407,18695,
408,18696,
409,18697,
410,18698,
411,18699,
412,18700,
413,18701,
414,18702,
415,18703,
416,18704,
417,18705,
418,18706,
419,18707,
420,18708,
421,18709,
422,18710,
423,18711,
424,18712,
425,18713,
426,18714,
427,18715,
428,18716,
429,18717,
430,18718,
431,18719,
432,18720,
433,18721,
434,18722,
435,18723,
436,18724,
437,18725,
438,18726,
439,18727,
440,18728,
441,18729,
442,18730,
443,18731,
444,18732,
445,18733,
446,18734,
447,18735,
448,18736,
449,18737,
450,18738,
451,18739,
452,18740,
453,18741,
454,18742,
455,18743,
456,18744,
457,18745,
458,18746,
459,18747,
460,18748,
461,18749,
462,18750,
463,18751,
464,18752,
465,18753,
466,18754,
467,18755,
468,18756,
469,18757,
470,18758,
471,18759,
472,18760,
473,18761,
474,18762,
475,18763,
476,18764,
477,18765,
478,18766,
479,18767,
480,18768,
481,18769,
482,18770,
483,18771,
484,18772,
485,18773,
486,18774,
487,18775,
488,18776,
489,18777,
490,18778,
491,18779,
492,18780,
493,18781,
494,18782,
495,18783,
496,18784,
497,18785,
498,18786,
499,18787,
500,18788,
501,18789,
502,18790,
503,18791,
504,18792,
505,18793,
506,18794,
507,18795,
508,18796,
509,18797,
510,18798,
511,18799,
512,18800,
513,18801,
514,18802,
515,18803,
516,18804,
517,18805,
518,18806,
519,18807,
520,18808,
521,18809,
522,18810,
523,18811,
524,18812,
525,18813,
526,18814,
527,18815,
528,18816,
529,18817,
530,18818,
531,18819,
532,18820,
533,18821,
534,18822,
535,18823,
536,18824,
537,18825,
538,18826,
539,18827,
540,18828,
541,18829,
542,18830,
543,18831,
544,18832,
545,18833,
546,18834,
547,18835,
548,18836,
549,18837,
550,18838,
551,18839,
552,18840,
553,18841,
554,18842,
555,18843,
556,18844,
557,18845,
558,18846,
559,18847,
560,18848,
561,18849,
562,18850,
563,18851,
564,18852,
565,18853,
566,18854,
567,18855,
568,18856,
569,18857,
570,18858,
571,18859,
572,18860,
573,18861,
574,18862,
575,18863,
576,18864,
577,18865,
578,18866,
579,18867,
580,18868,
581,18869,
582,18870,
583,18871,
584,18872,
585,18873,
586,18874,
587,18875,
588,18876,
589,18877,
590,18878,
591,18879,
592,18880,
593,18881,
594,18882,
595,18883,
596,18884,
597,18885,
598,18886,
599,18887,
600,18888,
601,18889,
602,18890,
603,18891,
604,18892,
605,18893,
606,18894,
607,18895,
608,18896,
609,18897,
610,18898,
611,18899,
612,18900,
613,18901,
614,18902,
615,18903,
616,18904,
617,18905,
618,18906,
619,18907,
620,18908,
621,18909,
622,18910,
623,18911,
624,18912,
625,18913,
626,18914,
627,18915,
628,18916,
629,18917,
630,18918,
631,18919,
632,18920,
633,18921,
634,18922,
635,18923,
636,18924,
637,18925,
638,18926,
639,18927,
640,18928,
641,18929,
642,18930,
643,18931,
644,18932,
645,18933,
646,18934,
647,18935,
648,18936,
649,18937,
650,18938,
651,18939,
652,18940,
653,18941,
654,18942,
655,18943,
656,18944,
657,18945,
658,18946,
659,18947,
660,18948,
661,18949,
662,18950,
663,18951,
664,18952,
665,18953,
666,18954,
667,18955,
668,18956,
669,18957,
670,18958,
671,18959,
672,18960,
673,18961,
674,18962,
675,18963,
676,18964,
677,18965,
678,18966,
679,18967,
680,18968,
681,18969,
682,18970,
683,18971,
684,18972,
685,18973,
686,18974,
687,18975,
688,18976,
689,18977,
690,18978,
691,18979,
692,18980,
693,18981,
694,18982,
695,18983,
696,18984,
697,18985,
698,18986,
699,18987,
700,18988,
701,18989,
702,18990,
703,18991,
704,18992,
705,18993,
706,18994,
707,18995,
708,18996,
709,18997,
710,18998,
711,18999,
712,19000,
713,19001,
714,19002,
715,19003,
716,19004,
717,19005,
718,19006,
719,19007,
720,19008,
721,19009,
722,19010,
723,19011,
724,19012,
725,19013,
726,19014,
727,19015,
728,19016,
729,19017,
730,19018,
731,19019,
732,19020,
733,19021,
734,19022,
735,19023,
736,19024,
737,19025,
738,19026,
739,19027,
740,19028,
741,19029,
742,19030,
743,19031,
744,19032,
745,19033,
746,19034,
747,19035,
748,19036,
749,19037,
750,19038,
751,19039,
752,19040,
753,19041,
754,19042,
755,19043,
756,19044,
757,19045,
758,19046,
759,19047,
760,19048,
761,19049,
762,19050,
763,19051,
764,19052,
765,19053,
766,19054,
767,19055,
768,19056,
769,19057,
770,19058,
771,19059,
772,19060,
773,19061,
774,19062,
775,19063,
776,19064,
777,19065,
778,19066,
779,19067,
780,19068,
781,19069,
782,19070,
783,19071,
784,19072,
785,19073,
786,19074,
787,19075,
788,19076,
789,19077,
790,19078,
791,19079,
792,19080,
793,19081,
794,19082,
795,19083,
796,19084,
797,19085,
798,19086,
799,19087,
800,19088,
801,19089,
802,19090,
803,19091,
804,19092,
805,19093,
806,19094,
807,19095,
808,19096,
809,19097,
810,19098,
811,19099,
812,19100,
813,19101,
814,19102,
815,19103,
816,19104,
817,19105,
818,19106,
819,19107,
820,19108,
821,19109,
822,19110,
823,19111,
824,19112,
825,19113,
826,19114,
827,19115,
828,19116,
829,19117,
830,19118,
831,19119,
832,19120,
833,19121,
834,19122,
835,19123,
836,19124,
837,19125,
838,19126,
839,19127,
840,19128,
841,19129,
842,19130,
843,19131,
844,19132,
845,19133,
846,19134,
847,19135,
848,19136,
849,19137,
850,19138,
851,19139,
852,19140,
853,19141,
854,19142,
855,19143,
856,19144,
857,19145,
858,19146,
859,19147,
860,19148,
861,19149,
862,19150,
863,19151,
864,19152,
865,19153,
866,19154,
867,19155,
868,19156,
869,19157,
870,19158,
871,19159,
872,19160,
873,19161,
874,19162,
875,19163,
876,19164,
877,19165,
878,19166,
879,19167,
880,19168,
881,19169,
882,19170,
883,19171,
884,19172,
885,19173,
886,19174,
887,19175,
888,19176,
889,19177,
890,19178,
891,19179,
892,19180,
893,19181,
894,19182,
895,19183,
896,19184,
897,19185,
898,19186,
899,19187,
900,19188,
901,19189,
902,19190,
903,19191,
904,19192,
905,19193,
906,19194,
907,19195,
908,19196,
909,19197,
910,19198,
911,19199,
912,19200,
913,19201,
914,19202,
915,19203,
916,19204,
917,19205,
918,19206,
919,19207,
920,19208,
921,19209,
922,19210,
923,19211,
924,19212,
925,19213,
926,19214,
927,19215,
928,19216,
929,19217,
930,19218,
931,19219,
932,19220,
933,19221,
934,19222,
935,19223,
936,19224,
937,19225,
938,19226,
939,19227,
940,19228,
941,19229,
942,19230,
943,19231,
944,19232,
945,19233,
946,19234,
947,19235,
948,19236,
949,19237,
950,19238,
951,19239,
952,19240,
953,19241,
954,19242,
955,19243,
956,19244,
957,19245,
958,19246,
959,19247,
960,19248,
961,19249,
962,19250,
963,19251,
964,19252,
965,19253,
966,19254,
967,19255,
968,19256,
969,19257,
970,19258,
971,19259,
972,19260,
973,19261,
974,19262,
975,19263,
976,19264,
977,19265,
978,19266,
979,19267,
980,19268,
981,19269,
982,19270,
983,19271,
984,19272,
985,19273,
986,19274,
987,19275,
988,19276,
989,19277,
990,19278,
991,19279,
992,19280,
993,19281,
994,19282,
995,19283,
996,19284,
997,19285,
998,19286,
999,19287,
1000,19288,
1001,19289,
1002,19290,
1003,19291,
1004,19292,
1005,19293,
1006,19294,
1007,19295,
1008,19296,
1009,19297,
1010,19298,
1011,19299,
1012,19300,
1013,19301,
1014,19302,
1015,19303,
1016,19304,
1017,19305,
1018,19306,
1019,19307,
1020,19308,
1021,19309,
1022,19310,
1023,19311,
1024,19312,
1025,19313,
1026,19314,
1027,19315,
1028,19316,
1029,19317,
1030,19318,
1031,19319,
1032,19320,
1033,19321,
1034,19322,
1035,19323,
1036,19324,
1037,19325,
1038,19326,
1039,19327,
1040,19328,
1041,19329,
1042,19330,
1043,19331,
1044,19332,
1045,19333,
1046,19334,
1047,19335,
1048,19336,
1049,19337,
1050,19338,
1051,19339,
1052,19340,
1053,19341,
1054,19342,
1055,19343,
1056,19344,
1057,19345,
1058,19346,
1059,19347,
1060,19348,
1061,19349,
1062,19350,
1063,19351,
1064,19352,
1065,19353,
1066,19354,
1067,19355,
1068,19356,
1069,19357,
1070,19358,
1071,19359,
1072,19360,
1073,19361,
1074,19362,
1075,19363,
1076,19364,
1077,19365,
1078,19366,
1079,19367,
1080,19368,
1081,19369,
1082,19370,
1083,19371,
1084,19372,
1085,19373,
1086,19374,
1087,19375,
1088,19376,
1089,19377,
1090,19378,
1091,19379,
1092,19380,
1093,19381,
1094,19382,
1095,19383,
1096,19384,
1097,19385,
1098,19386,
1099,19387,
1100,19388,
1101,19389,
1102,19390,
1103,19391,
1104,19392,
1105,19393,
1106,19394,
1107,19395,
1108,19396,
1109,19397,
1110,19398,
1111,19399,
1112,19400,
1113,19401,
1114,19402,
1115,19403,
1116,19404,
1117,19405,
1118,19406,
1119,19407,
1120,19408,
1121,19409,
1122,19410,
1123,19411,
1124,19412,
1125,19413,
1126,19414,
1127,19415,
1128,19416,
1129,19417,
1130,19418,
1131,19419,
1132,19420,
1133,19421,
1134,19422,
1135,19423,
1136,19424,
1137,19425,
1138,19426,
1139,19427,
1140,19428,
1141,19429,
1142,19430,
1143,19431,
1144,19432,
1145,19433,
1146,19434,
1147,19435,
1148,19436,
1149,19437,
1150,19438,
1151,19439,
1152,19440,
1153,19441,
1154,19442,
1155,19443,
1156,19444,
1157,19445,
1158,19446,
1159,19447,
1160,19448,
1161,19449,
1162,19450,
1163,19451,
1164,19452,
1165,19453,
1166,19454,
1167,19455,
1168,19456,
1169,19457,
1170,19458,
1171,19459,
1172,19460,
1173,19461,
1174,19462,
1175,19463,
1176,19464,
1177,19465,
1178,19466,
1179,19467,
1180,19468,
1181,19469,
1182,19470,
1183,19471,
1184,19472,
1185,19473,
1186,19474,
1187,19475,
1188,19476,
1189,19477,
1190,19478,
1191,19479,
1192,19480,
1193,19481,
1194,19482,
1195,19483,
1196,19484,
1197,19485,
1198,19486,
1199,19487,
1200,19488,
1201,19489,
1202,19490,
1203,19491,
1204,19492,
1205,19493,
1206,19494,
1207,19495,
1208,19496,
1209,19497,
1210,19498,
1211,19499,
1212,19500,
1213,19501,
1214,19502,
1215,19503,
1216,19504,
1217,19505,
1218,19506,
1219,19507,
1220,19508,
1221,19509,
1222,19510,
1223,19511,
1224,19512,
1225,19513,
1226,19514,
1227,19515,
1228,19516,
1229,19517,
1230,19518,
1231,19519,
1232,19520,
1233,19521,
1234,19522,
1235,19523,
1236,19524,
1237,19525,
1238,19526,
1239,19527,
1240,19528,
1241,19529,
1242,19530,
1243,19531,
1244,19532,
1245,19533,
1246,19534,
1247,19535,
1248,19536,
1249,19537,
1250,19538,
1251,19539,
1252,19540,
1253,19541,
1254,19542,
1255,19543,
1256,19544,
1257,19545,
1258,19546,
1259,19547,
1260,19548,
1261,19549,
1262,19550,
1263,19551,
1264,19552,
1265,19553,
1266,19554,
1267,19555,
1268,19556,
1269,19557,
1270,19558,
1271,19559,
1272,19560,
1273,19561,
1274,19562,
1275,19563,
1276,19564,
1277,19565,
1278,19566,
1279,19567,
1280,19568,
1281,19569,
1282,19570,
1283,19571,
1284,19572,
1285,19573,
1286,19574,
1287,19575,
1288,19576,
1289,19577,
1290,19578,
1291,19579,
1292,19580,
1293,19581,
1294,19582,
1295,19583,
1296,19584,
1297,19585,
1298,19586,
1299,19587,
1300,19588,
1301,19589,
1302,19590,
1303,19591,
1304,19592,
1305,19593,
1306,19594,
1307,19595,
1308,19596,
1309,19597,
1310,19598,
1311,19599,
1312,19600,
1313,19601,
1314,19602,
1315,19603,
1316,19604,
1317,19605,
1318,19606,
1319,19607,
1320,19608,
1321,19609,
1322,19610,
1323,19611,
1324,19612,
1325,19613,
1326,19614,
1327,19615,
1328,19616,
1329,19617,
1330,19618,
1331,19619,
1332,19620,
1333,19621,
1334,19622,
1335,19623,
1336,19624,
1337,19625,
1338,19626,
1339,19627,
1340,19628,
1341,19629,
1342,19630,
1343,19631,
1344,19632,
1345,19633,
1346,19634,
1347,19635,
1348,19636,
1349,19637,
1350,19638,
1351,19639,
1352,19640,
1353,19641,
1354,19642,
1355,19643,
1356,19644,
1357,19645,
1358,19646,
1359,19647,
1360,19648,
1361,19649,
1362,19650,
1363,19651,
1364,19652,
1365,19653,
1366,19654,
1367,19655,
1368,19656,
1369,19657,
1370,19658,
1371,19659,
1372,19660,
1373,19661,
1374,19662,
1375,19663,
1376,19664,
1377,19665,
1378,19666,
1379,19667,
1380,19668,
1381,19669,
1382,19670,
1383,19671,
1384,19672,
1385,19673,
1386,19674,
1387,19675,
1388,19676,
1389,19677,
1390,19678,
1391,19679,
1392,19680,
1393,19681,
1394,19682,
1395,19683,
1396,19684,
1397,19685,
1398,19686,
1399,19687,
1400,19688,
1401,19689,
1402,19690,
1403,19691,
1404,19692,
1405,19693,
1406,19694,
1407,19695,
1408,19696,
1409,19697,
1410,19698,
1411,19699,
1412,19700,
1413,19701,
1414,19702,
1415,19703,
1416,19704,
1417,19705,
1418,19706,
1419,19707,
1420,19708,
1421,19709,
1422,19710,
1423,19711,
1424,19712,
1425,19713,
1426,19714,
1427,19715,
1428,19716,
1429,19717,
1430,19718,
1431,19719,
1432,19720,
1433,19721,
1434,19722,
1435,19723,
1436,19724,
1437,19725,
1438,19726,
1439,19727,
1440,19728,
1441,19729,
1442,19730,
1443,19731,
1444,19732,
1445,19733,
1446,19734,
1447,19735,
1448,19736,
1449,19737,
1450,19738,
1451,19739,
1452,19740,
1453,19741,
1454,19742,
1455,19743,
1456,19744,
1457,19745,
1458,19746,
1459,19747,
1460,19748,
1461,19749,
1462,19750,
1463,19751,
1464,19752,
1465,19753,
1466,19754,
1467,19755,
1468,19756,
1469,19757,
1470,19758,
1471,19759,
1472,19760,
1473,19761,
1474,19762,
1475,19763,
1476,19764,
1477,19765,
1478,19766,
1479,19767,
1480,19768,
1481,19769,
1482,19770,
1483,19771,
1484,19772,
1485,19773,
1486,19774,
1487,19775,
1488,19776,
1489,19777,
1490,19778,
1491,19779,
1492,19780,
1493,19781,
1494,19782,
1495,19783,
1496,19784,
1497,19785,
1498,19786,
1499,19787,
1500,19788,
1501,19789,
1502,19790,
1503,19791,
1504,19792,
1505,19793,
1506,19794,
1507,19795,
1508,19796,
1509,19797,
1510,19798,
1511,19799,
1512,19800,
1513,19801,
1514,19802,
1515,19803,
1516,19804,
1517,19805,
1518,19806,
1519,19807,
1520,19808,
1521,19809,
1522,19810,
1523,19811,
1524,19812,
1525,19813,
1526,19814,
1527,19815,
1528,19816,
1529,19817,
1530,19818,
1531,19819,
1532,19820,
1533,19821,
1534,19822,
1535,19823,
1536,19824,
1537,19825,
1538,19826,
1539,19827,
1540,19828,
1541,19829,
1542,19830,
1543,19831,
1544,19832,
1545,19833,
1546,19834,
1547,19835,
1548,19836,
1549,19837,
1550,19838,
1551,19839,
1552,19840,
1553,19841,
1554,19842,
1555,19843,
1556,19844,
1557,19845,
1558,19846,
1559,19847,
1560,19848,
1561,19849,
1562,19850,
1563,19851,
1564,19852,
1565,19853,
1566,19854,
1567,19855,
1568,19856,
1569,19857,
1570,19858,
1571,19859,
1572,19860,
1573,19861,
1574,19862,
1575,19863,
1576,19864,
1577,19865,
1578,19866,
1579,19867,
1580,19868,
1581,19869,
1582,19870,
1583,19871,
1584,19872,
1585,19873,
1586,19874,
1587,19875,
1588,19876,
1589,19877,
1590,19878,
1591,19879,
1592,19880,
1593,19881,
1594,19882,
1595,19883,
1596,19884,
1597,19885,
1598,19886,
1599,19887,
1600,19888,
1601,19889,
1602,19890,
1603,19891,
1604,19892,
1605,19893,
1606,19894,
1607,19895,
1608,19896,
1609,19897,
1610,19898,
1611,19899,
1612,19900,
1613,19901,
1614,19902,
1615,19903,
1616,19904,
1617,19905,
1618,19906,
1619,19907,
1620,19908,
1621,19909,
1622,19910,
1623,19911,
1624,19912,
1625,19913,
1626,19914,
1627,19915,
1628,19916,
1629,19917,
1630,19918,
1631,19919,
1632,19920,
1633,19921,
1634,19922,
1635,19923,
1636,19924,
1637,19925,
1638,19926,
1639,19927,
1640,19928,
1641,19929,
1642,19930,
1643,19931,
1644,19932,
1645,19933,
1646,19934,
1647,19935,
1648,19936,
1649,19937,
1650,19938,
1651,19939,
1652,19940,
1653,19941,
1654,19942,
1655,19943,
1656,19944,
1657,19945,
1658,19946,
1659,19947,
1660,19948,
1661,19949,
1662,19950,
1663,19951,
1664,19952,
1665,19953,
1666,19954,
1667,19955,
1668,19956,
1669,19957,
1670,19958,
1671,19959,
1672,19960,
1673,19961,
1674,19962,
1675,19963,
1676,19964,
1677,19965,
1678,19966,
1679,19967,
1680,19968,
1681,19969,
1682,19970,
1683,19971,
1684,19972,
1685,19973,
1686,19974,
1687,19975,
1688,19976,
1689,19977,
1690,19978,
1691,19979,
1692,19980,
1693,19981,
1694,19982,
1695,19983,
1696,19984,
1697,19985,
1698,19986,
1699,19987,
1700,19988,
1701,19989,
1702,19990,
1703,19991,
1704,19992,
1705,19993,
1706,19994,
1707,19995,
1708,19996,
1709,19997,
1710,19998,
1711,19999,
1712,20000,
1713,20001,
1714,20002,
1715,20003,
1716,20004,
1717,20005,
1718,20006,
1719,20007,
1720,20008,
1721,20009,
1722,20010,
1723,20011,
1724,20012,
1725,20013,
1726,20014,
1727,20015,
1728,20016,
1729,20017,
1730,20018,
1731,20019,
1732,20020,
1733,20021,
1734,20022,
1735,20023,
1736,20024,
1737,20025,
1738,20026,
1739,20027,
1740,20028,
1741,20029,
1742,20030,
1743,20031,
1744,20032,
1745,20033,
1746,20034,
1747,20035,
1748,20036,
1749,20037,
1750,20038,
1751,20039,
1752,20040,
1753,20041,
1754,20042,
1755,20043,
1756,20044,
1757,20045,
1758,20046,
1759,20047,
1760,20048,
1761,20049,
1762,20050,
1763,20051,
1764,20052,
1765,20053,
1766,20054,
1767,20055,
1768,20056,
1769,20057,
1770,20058,
1771,20059,
1772,20060,
1773,20061,
1774,20062,
1775,20063,
1776,20064,
1777,20065,
1778,20066,
1779,20067,
1780,20068,
1781,20069,
1782,20070,
1783,20071,
1784,20072,
1785,20073,
1786,20074,
1787,20075,
1788,20076,
1789,20077,
1790,20078,
1791,20079,
1792,20080,
1793,20081,
1794,20082,
1795,20083,
1796,20084,
1797,20085,
1798,20086,
1799,20087,
1800,20088,
1801,20089,
1802,20090,
1803,20091,
1804,20092,
1805,20093,
1806,20094,
1807,20095,
1808,20096,
1809,20097,
1810,20098,
1811,20099,
1812,20100,
1813,20101,
1814,20102,
1815,20103,
1816,20104,
1817,20105,
1818,20106,
1819,20107,
1820,20108,
1821,20109,
1822,20110,
1823,20111,
1824,20112,
1825,20113,
1826,20114,
1827,20115,
1828,20116,
1829,20117,
1830,20118,
1831,20119,
1832,20120,
1833,20121,
1834,20122,
1835,20123,
1836,20124,
1837,20125,
1838,20126,
1839,20127,
1840,20128,
1841,20129,
1842,20130,
1843,20131,
1844,20132,
1845,20133,
1846,20134,
1847,20135,
1848,20136,
1849,20137,
1850,20138,
1851,20139,
1852,20140,
1853,20141,
1854,20142,
1855,20143,
1856,20144,
1857,20145,
1858,20146,
1859,20147,
1860,20148,
1861,20149,
1862,20150,
1863,20151,
1864,20152,
1865,20153,
1866,20154,
1867,20155,
1868,20156,
1869,20157,
1870,20158,
1871,20159,
1872,20160,
1873,20161,
1874,20162,
1875,20163,
1876,20164,
1877,20165,
1878,20166,
1879,20167,
1880,20168,
1881,20169,
1882,20170,
1883,20171,
1884,20172,
1885,20173,
1886,20174,
1887,20175,
1888,20176,
1889,20177,
1890,20178,
1891,20179,
1892,20180,
1893,20181,
1894,20182,
1895,20183,
1896,20184,
1897,20185,
1898,20186,
1899,20187,
1900,20188,
1901,20189,
1902,20190,
1903,20191,
1904,20192,
1905,20193,
1906,20194,
1907,20195,
1908,20196,
1909,20197,
1910,20198,
1911,20199,
1912,20200,
1913,20201,
1914,20202,
1915,20203,
1916,20204,
1917,20205,
1918,20206,
1919,20207,
1920,20208,
1921,20209,
1922,20210,
1923,20211,
1924,20212,
1925,20213,
1926,20214,
1927,20215,
1928,20216,
1929,20217,
1930,20218,
1931,20219,
1932,20220,
1933,20221,
1934,20222,
1935,20223,
1936,20224,
1937,20225,
1938,20226,
1939,20227,
1940,20228,
1941,20229,
1942,20230,
1943,20231,
1944,20232,
1945,20233,
1946,20234,
1947,20235,
1948,20236,
1949,20237,
1950,20238,
1951,20239,
1952,20240,
1953,20241,
1954,20242,
1955,20243,
1956,20244,
1957,20245,
1958,20246,
1959,20247,
1960,20248,
1961,20249,
1962,20250,
1963,20251,
1964,20252,
1965,20253,
1966,20254,
1967,20255,
1968,20256,
1969,20257,
1970,20258,
1971,20259,
1972,20260,
1973,20261,
1974,20262,
1975,20263,
1976,20264,
1977,20265,
1978,20266,
1979,20267,
1980,20268,
1981,20269,
1982,20270,
1983,20271,
1984,20272,
1985,20273,
1986,20274,
1987,20275,
1988,20276,
1989,20277,
1990,20278,
1991,20279,
1992,20280,
1993,20281,
1994,20282,
1995,20283,
1996,20284,
1997,20285,
1998,20286,
1999,20287,
2000,20288,
2001,20289,
2002,20290,
2003,20291,
2004,20292,
2005,20293,
2006,20294,
2007,20295,
2008,20296,
2009,20297,
2010,20298,
2011,20299,
2012,20300,
2013,20301,
2014,20302,
2015,20303,
2016,20304,
2017,20305,
2018,20306,
2019,20307,
2020,20308,
2021,20309,
2022,20310,
2023,20311,
2024,20312,
2025,20313,
2026,20314,
2027,20315,
2028,20316,
2029,20317,
2030,20318,
2031,20319,
2032,20320,
2033,20321,
2034,20322,
2035,20323,
2036,20324,
2037,20325,
2038,20326,
2039,20327,
2040,20328,
2041,20329,
2042,20330,
2043,20331,
2044,20332,
2045,20333,
2046,20334,
2047,20335,
2048,20336,
2049,20337,
2050,20338,
2051,20339,
2052,20340,
2053,20341,
2054,20342,
2055,20343,
2056,20344,
2057,20345,
2058,20346,
2059,20347,
2060,20348,
2061,20349,
2062,20350,
2063,20351,
2064,20352,
2065,20353,
2066,20354,
2067,20355,
2068,20356,
2069,20357,
2070,20358,
2071,20359,
2072,20360,
2073,20361,
2074,20362,
2075,20363,
2076,20364,
2077,20365,
2078,20366,
2079,20367,
2080,20368,
2081,20369,
2082,20370,
2083,20371,
2084,20372,
2085,20373,
2086,20374,
2087,20375,
2088,20376,
2089,20377,
2090,20378,
2091,20379,
2092,20380,
2093,20381,
2094,20382,
2095,20383,
2096,20384,
2097,20385,
2098,20386,
2099,20387,
2100,20388,
2101,20389,
2102,20390,
2103,20391,
2104,20392,
2105,20393,
2106,20394,
2107,20395,
2108,20396,
2109,20397,
2110,20398,
2111,20399,
2112,20400,
2113,20401,
2114,20402,
2115,20403,
2116,20404,
2117,20405,
2118,20406,
2119,20407,
2120,20408,
2121,20409,
2122,20410,
2123,20411,
2124,20412,
2125,20413,
2126,20414,
2127,20415,
2128,20416,
2129,20417,
2130,20418,
2131,20419,
2132,20420,
2133,20421,
2134,20422,
2135,20423,
2136,20424,
2137,20425,
2138,20426,
2139,20427,
2140,20428,
2141,20429,
2142,20430,
2143,20431,
2144,20432,
2145,20433,
2146,20434,
2147,20435,
2148,20436,
2149,20437,
2150,20438,
2151,20439,
2152,20440,
2153,20441,
2154,20442,
2155,20443,
2156,20444,
2157,20445,
2158,20446,
2159,20447,
2160,20448,
2161,20449,
2162,20450,
2163,20451,
2164,20452,
2165,20453,
2166,20454,
2167,20455,
2168,20456,
2169,20457,
2170,20458,
2171,20459,
2172,20460,
2173,20461,
2174,20462,
2175,20463,
2176,20464,
2177,20465,
2178,20466,
2179,20467,
2180,20468,
2181,20469,
2182,20470,
2183,20471,
2184,20472,
2185,20473,
2186,20474,
2187,20475,
2188,20476,
2189,20477,
2190,20478,
2191,20479,
2192,20480,
2193,20481,
2194,20482,
2195,20483,
2196,20484,
2197,20485,
2198,20486,
2199,20487,
2200,20488,
2201,20489,
2202,20490,
2203,20491,
2204,20492,
2205,20493,
2206,20494,
2207,20495,
2208,20496,
2209,20497,
2210,20498,
2211,20499,
2212,20500,
2213,20501,
2214,20502,
2215,20503,
2216,20504,
2217,20505,
2218,20506,
2219,20507,
2220,20508,
2221,20509,
2222,20510,
2223,20511,
2224,20512,
2225,20513,
2226,20514,
2227,20515,
2228,20516,
2229,20517,
2230,20518,
2231,20519,
2232,20520,
2233,20521,
2234,20522,
2235,20523,
2236,20524,
2237,20525,
2238,20526,
2239,20527,
2240,20528,
2241,20529,
2242,20530,
2243,20531,
2244,20532,
2245,20533,
2246,20534,
2247,20535,
2248,20536,
2249,20537,
2250,20538,
2251,20539,
2252,20540,
2253,20541,
2254,20542,
2255,20543,
2256,20544,
2257,20545,
2258,20546,
2259,20547,
2260,20548,
2261,20549,
2262,20550,
2263,20551,
2264,20552,
2265,20553,
2266,20554,
2267,20555,
2268,20556,
2269,20557,
2270,20558,
2271,20559,
2272,20560,
2273,20561,
2274,20562,
2275,20563,
2276,20564,
2277,20565,
2278,20566,
2279,20567,
2280,20568,
2281,20569,
2282,20570,
2283,20571,
2284,20572,
2285,20573,
2286,20574,
2287,20575,
2288,20576,
2289,20577,
2290,20578,
2291,20579,
2292,20580,
2293,20581,
2294,20582,
2295,20583,
2296,20584,
2297,20585,
2298,20586,
2299,20587,
2300,20588,
2301,20589,
2302,20590,
2303,20591,
2304,20592,
2305,20593,
2306,20594,
2307,20595,
2308,20596,
2309,20597,
2310,20598,
2311,20599,
2312,20600,
2313,20601,
2314,20602,
2315,20603,
2316,20604,
2317,20605,
2318,20606,
2319,20607,
2320,20608,
2321,20609,
2322,20610,
2323,20611,
2324,20612,
2325,20613,
2326,20614,
2327,20615,
2328,20616,
2329,20617,
2330,20618,
2331,20619,
2332,20620,
2333,20621,
2334,20622,
2335,20623,
2336,20624,
2337,20625,
2338,20626,
2339,20627,
2340,20628,
2341,20629,
2342,20630,
2343,20631,
2344,20632,
2345,20633,
2346,20634,
2347,20635,
2348,20636,
2349,20637,
2350,20638,
2351,20639,
2352,20640,
2353,20641,
2354,20642,
2355,20643,
2356,20644,
2357,20645,
2358,20646,
2359,20647,
2360,20648,
2361,20649,
2362,20650,
2363,20651,
2364,20652,
2365,20653,
2366,20654,
2367,20655,
2368,20656,
2369,20657,
2370,20658,
2371,20659,
2372,20660,
2373,20661,
2374,20662,
2375,20663,
2376,20664,
2377,20665,
2378,20666,
2379,20667,
2380,20668,
2381,20669,
2382,20670,
2383,20671,
2384,20672,
2385,20673,
2386,20674,
2387,20675,
2388,20676,
2389,20677,
2390,20678,
2391,20679,
2392,20680,
2393,20681,
2394,20682,
2395,20683,
2396,20684,
2397,20685,
2398,20686,
2399,20687,
2400,20688,
2401,20689,
2402,20690,
2403,20691,
2404,20692,
2405,20693,
2406,20694,
2407,20695,
2408,20696,
2409,20697,
2410,20698,
2411,20699,
2412,20700,
2413,20701,
2414,20702,
2415,20703,
2416,20704,
2417,20705,
2418,20706,
2419,20707,
2420,20708,
2421,20709,
2422,20710,
2423,20711,
2424,20712,
2425,20713,
2426,20714,
2427,20715,
2428,20716,
2429,20717,
2430,20718,
2431,20719,
2432,20720,
2433,20721,
2434,20722,
2435,20723,
2436,20724,
2437,20725,
2438,20726,
2439,20727,
2440,20728,
2441,20729,
2442,20730,
2443,20731,
2444,20732,
2445,20733,
2446,20734,
2447,20735,
2448,20736,
2449,20737,
2450,20738,
2451,20739,
2452,20740,
2453,20741,
2454,20742,
2455,20743,
2456,20744,
2457,20745,
2458,20746,
2459,20747,
2460,20748,
2461,20749,
2462,20750,
2463,20751,
2464,20752,
2465,20753,
2466,20754,
2467,20755,
2468,20756,
2469,20757,
2470,20758,
2471,20759,
2472,20760,
2473,20761,
2474,20762,
2475,20763,
2476,20764,
2477,20765,
2478,20766,
2479,20767,
2480,20768,
2481,20769,
2482,20770,
2483,20771,
2484,20772,
2485,20773,
2486,20774,
2487,20775,
2488,20776,
2489,20777,
2490,20778,
2491,20779,
2492,20780,
2493,20781,
2494,20782,
2495,20783,
2496,20784,
2497,20785,
2498,20786,
2499,20787,
2500,20788,
2501,20789,
2502,20790,
2503,20791,
2504,20792,
2505,20793,
2506,20794,
2507,20795,
2508,20796,
2509,20797,
2510,20798,
2511,20799,
2512,20800,
2513,20801,
2514,20802,
2515,20803,
2516,20804,
2517,20805,
2518,20806,
2519,20807,
2520,20808,
2521,20809,
2522,20810,
2523,20811,
2524,20812,
2525,20813,
2526,20814,
2527,20815,
2528,20816,
2529,20817,
2530,20818,
2531,20819,
2532,20820,
2533,20821,
2534,20822,
2535,20823,
2536,20824,
2537,20825,
2538,20826,
2539,20827,
2540,20828,
2541,20829,
2542,20830,
2543,20831,
2544,20832,
2545,20833,
2546,20834,
2547,20835,
2548,20836,
2549,20837,
2550,20838,
2551,20839,
2552,20840,
2553,20841,
2554,20842,
2555,20843,
2556,20844,
2557,20845,
2558,20846,
2559,20847,
2560,20848,
2561,20849,
2562,20850,
2563,20851,
2564,20852,
2565,20853,
2566,20854,
2567,20855,
2568,20856,
2569,20857,
2570,20858,
2571,20859,
2572,20860,
2573,20861,
2574,20862,
2575,20863,
2576,20864,
2577,20865,
2578,20866,
2579,20867,
2580,20868,
2581,20869,
2582,20870,
2583,20871,
2584,20872,
2585,20873,
2586,20874,
2587,20875,
2588,20876,
2589,20877,
2590,20878,
2591,20879,
2592,20880,
2593,20881,
2594,20882,
2595,20883,
2596,20884,
2597,20885,
2598,20886,
2599,20887,
2600,20888,
2601,20889,
2602,20890,
2603,20891,
2604,20892,
2605,20893,
2606,20894,
2607,20895,
2608,20896,
2609,20897,
2610,20898,
2611,20899,
2612,20900,
2613,20901,
2614,20902,
2615,20903,
2616,20904,
2617,20905,
2618,20906,
2619,20907,
2620,20908,
2621,20909,
2622,20910,
2623,20911,
2624,20912,
2625,20913,
2626,20914,
2627,20915,
2628,20916,
2629,20917,
2630,20918,
2631,20919,
2632,20920,
2633,20921,
2634,20922,
2635,20923,
2636,20924,
2637,20925,
2638,20926,
2639,20927,
2640,20928,
2641,20929,
2642,20930,
2643,20931,
2644,20932,
2645,20933,
2646,20934,
2647,20935,
2648,20936,
2649,20937,
2650,20938,
2651,20939,
2652,20940,
2653,20941,
2654,20942,
2655,20943,
2656,20944,
2657,20945,
2658,20946,
2659,20947,
2660,20948,
2661,20949,
2662,20950,
2663,20951,
2664,20952,
2665,20953,
2666,20954,
2667,20955,
2668,20956,
2669,20957,
2670,20958,
2671,20959,
2672,20960,
2673,20961,
2674,20962,
2675,20963,
2676,20964,
2677,20965,
2678,20966,
2679,20967,
2680,20968,
2681,20969,
2682,20970,
2683,20971,
2684,20972,
2685,20973,
2686,20974,
2687,20975,
2688,20976,
2689,20977,
2690,20978,
2691,20979,
2692,20980,
2693,20981,
2694,20982,
2695,20983,
2696,20984,
2697,20985,
2698,20986,
2699,20987,
2700,20988,
2701,20989,
2702,20990,
2703,20991,
2704,20992,
2705,20993,
2706,20994,
2707,20995,
2708,20996,
2709,20997,
2710,20998,
2711,20999,
2712,21000,
2713,21001,
2714,21002,
2715,21003,
2716,21004,
2717,21005,
2718,21006,
2719,21007,
2720,21008,
2721,21009,
2722,21010,
2723,21011,
2724,21012,
2725,21013,
2726,21014,
2727,21015,
2728,21016,
2729,21017,
2730,21018,
2731,21019,
2732,21020,
2733,21021,
2734,21022,
2735,21023,
2736,21024,
2737,21025,
2738,21026,
2739,21027,
2740,21028,
2741,21029,
2742,21030,
2743,21031,
2744,21032,
2745,21033,
2746,21034,
2747,21035,
2748,21036,
2749,21037,
2750,21038,
2751,21039,
2752,21040,
2753,21041,
2754,21042,
2755,21043,
2756,21044,
2757,21045,
2758,21046,
2759,21047,
2760,21048,
2761,21049,
2762,21050,
2763,21051,
2764,21052,
2765,21053,
2766,21054,
2767,21055,
2768,21056,
2769,21057,
2770,21058,
2771,21059,
2772,21060,
2773,21061,
2774,21062,
2775,21063,
2776,21064,
2777,21065,
2778,21066,
2779,21067,
2780,21068,
2781,21069,
2782,21070,
2783,21071,
2784,21072,
2785,21073,
2786,21074,
2787,21075,
2788,21076,
2789,21077,
2790,21078,
2791,21079,
2792,21080,
2793,21081,
2794,21082,
2795,21083,
2796,21084,
2797,21085,
2798,21086,
2799,21087,
2800,21088,
2801,21089,
2802,21090,
2803,21091,
2804,21092,
2805,21093,
2806,21094,
2807,21095,
2808,21096,
2809,21097,
2810,21098,
2811,21099,
2812,21100,
2813,21101,
2814,21102,
2815,21103,
2816,21104,
2817,21105,
2818,21106,
2819,21107,
2820,21108,
2821,21109,
2822,21110,
2823,21111,
2824,21112,
2825,21113,
2826,21114,
2827,21115,
2828,21116,
2829,21117,
2830,21118,
2831,21119,
2832,21120,
2833,21121,
2834,21122,
2835,21123,
2836,21124,
2837,21125,
2838,21126,
2839,21127,
2840,21128,
2841,21129,
2842,21130,
2843,21131,
2844,21132,
2845,21133,
2846,21134,
2847,21135,
2848,21136,
2849,21137,
2850,21138,
2851,21139,
2852,21140,
2853,21141,
2854,21142,
2855,21143,
2856,21144,
2857,21145,
2858,21146,
2859,21147,
2860,21148,
2861,21149,
2862,21150,
2863,21151,
2864,21152,
2865,21153,
2866,21154,
2867,21155,
2868,21156,
2869,21157,
2870,21158,
2871,21159,
2872,21160,
2873,21161,
2874,21162,
2875,21163,
2876,21164,
2877,21165,
2878,21166,
2879,21167,
2880,21168,
2881,21169,
2882,21170,
2883,21171,
2884,21172,
2885,21173,
2886,21174,
2887,21175,
2888,21176,
2889,21177,
2890,21178,
2891,21179,
2892,21180,
2893,21181,
2894,21182,
2895,21183,
2896,21184,
2897,21185,
2898,21186,
2899,21187,
2900,21188,
2901,21189,
2902,21190,
2903,21191,
2904,21192,
2905,21193,
2906,21194,
2907,21195,
2908,21196,
2909,21197,
2910,21198,
2911,21199,
2912,21200,
2913,21201,
2914,21202,
2915,21203,
2916,21204,
2917,21205,
2918,21206,
2919,21207,
2920,21208,
2921,21209,
2922,21210,
2923,21211,
2924,21212,
2925,21213,
2926,21214,
2927,21215,
2928,21216,
2929,21217,
2930,21218,
2931,21219,
2932,21220,
2933,21221,
2934,21222,
2935,21223,
2936,21224,
2937,21225,
2938,21226,
2939,21227,
2940,21228,
2941,21229,
2942,21230,
2943,21231,
2944,21232,
2945,21233,
2946,21234,
2947,21235,
2948,21236,
2949,21237,
2950,21238,
2951,21239,
2952,21240,
2953,21241,
2954,21242,
2955,21243,
2956,21244,
2957,21245,
2958,21246,
2959,21247,
2960,21248,
2961,21249,
2962,21250,
2963,21251,
2964,21252,
2965,21253,
2966,21254,
2967,21255,
2968,21256,
2969,21257,
2970,21258,
2971,21259,
2972,21260,
2973,21261,
2974,21262,
2975,21263,
2976,21264,
2977,21265,
2978,21266,
2979,21267,
2980,21268,
2981,21269,
2982,21270,
2983,21271,
2984,21272,
2985,21273,
2986,21274,
2987,21275,
2988,21276,
2989,21277,
2990,21278,
2991,21279,
2992,21280,
2993,21281,
2994,21282,
2995,21283,
2996,21284,
2997,21285,
2998,21286,
2999,21287,
3000,21288,
3001,21289,
3002,21290,
3003,21291,
3004,21292,
3005,21293,
3006,21294,
3007,21295,
3008,21296,
3009,21297,
3010,21298,
3011,21299,
3012,21300,
3013,21301,
3014,21302,
3015,21303,
3016,21304,
3017,21305,
3018,21306,
3019,21307,
3020,21308,
3021,21309,
3022,21310,
3023,21311,
3024,21312,
3025,21313,
3026,21314,
3027,21315,
3028,21316,
3029,21317,
3030,21318,
3031,21319,
3032,21320,
3033,21321,
3034,21322,
3035,21323,
3036,21324,
3037,21325,
3038,21326,
3039,21327,
3040,21328,
3041,21329,
3042,21330,
3043,21331,
3044,21332,
3045,21333,
3046,21334,
3047,21335,
3048,21336,
3049,21337,
3050,21338,
3051,21339,
3052,21340,
3053,21341,
3054,21342,
3055,21343,
3056,21344,
3057,21345,
3058,21346,
3059,21347,
3060,21348,
3061,21349,
3062,21350,
3063,21351,
3064,21352,
3065,21353,
3066,21354,
3067,21355,
3068,21356,
3069,21357,
3070,21358,
3071,21359,
3072,21360,
3073,21361,
3074,21362,
3075,21363,
3076,21364,
3077,21365,
3078,21366,
3079,21367,
3080,21368,
3081,21369,
3082,21370,
3083,21371,
3084,21372,
3085,21373,
3086,21374,
3087,21375,
3088,21376,
3089,21377,
3090,21378,
3091,21379,
3092,21380,
3093,21381,
3094,21382,
3095,21383,
3096,21384,
3097,21385,
3098,21386,
3099,21387,
3100,21388,
3101,21389,
3102,21390,
3103,21391,
3104,21392,
3105,21393,
3106,21394,
3107,21395,
3108,21396,
3109,21397,
3110,21398,
3111,21399,
3112,21400,
3113,21401,
3114,21402,
3115,21403,
3116,21404,
3117,21405,
3118,21406,
3119,21407,
3120,21408,
3121,21409,
3122,21410,
3123,21411,
3124,21412,
3125,21413,
3126,21414,
3127,21415,
3128,21416,
3129,21417,
3130,21418,
3131,21419,
3132,21420,
3133,21421,
3134,21422,
3135,21423,
3136,21424,
3137,21425,
3138,21426,
3139,21427,
3140,21428,
3141,21429,
3142,21430,
3143,21431,
3144,21432,
3145,21433,
3146,21434,
3147,21435,
3148,21436,
3149,21437,
3150,21438,
3151,21439,
3152,21440,
3153,21441,
3154,21442,
3155,21443,
3156,21444,
3157,21445,
3158,21446,
3159,21447,
3160,21448,
3161,21449,
3162,21450,
3163,21451,
3164,21452,
3165,21453,
3166,21454,
3167,21455,
3168,21456,
3169,21457,
3170,21458,
3171,21459,
3172,21460,
3173,21461,
3174,21462,
3175,21463,
3176,21464,
3177,21465,
3178,21466,
3179,21467,
3180,21468,
3181,21469,
3182,21470,
3183,21471,
3184,21472,
3185,21473,
3186,21474,
3187,21475,
3188,21476,
3189,21477,
3190,21478,
3191,21479,
3192,21480,
3193,21481,
3194,21482,
3195,21483,
3196,21484,
3197,21485,
3198,21486,
3199,21487,
3200,21488,
3201,21489,
3202,21490,
3203,21491,
3204,21492,
3205,21493,
3206,21494,
3207,21495,
3208,21496,
3209,21497,
3210,21498,
3211,21499,
3212,21500,
3213,21501,
3214,21502,
3215,21503,
3216,21504,
3217,21505,
3218,21506,
3219,21507,
3220,21508,
3221,21509,
3222,21510,
3223,21511,
3224,21512,
3225,21513,
3226,21514,
3227,21515,
3228,21516,
3229,21517,
3230,21518,
3231,21519,
3232,21520,
3233,21521,
3234,21522,
3235,21523,
3236,21524,
3237,21525,
3238,21526,
3239,21527,
3240,21528,
3241,21529,
3242,21530,
3243,21531,
3244,21532,
3245,21533,
3246,21534,
3247,21535,
3248,21536,
3249,21537,
3250,21538,
3251,21539,
3252,21540,
3253,21541,
3254,21542,
3255,21543,
3256,21544,
3257,21545,
3258,21546,
3259,21547,
3260,21548,
3261,21549,
3262,21550,
3263,21551,
3264,21552,
3265,21553,
3266,21554,
3267,21555,
3268,21556,
3269,21557,
3270,21558,
3271,21559,
3272,21560,
3273,21561,
3274,21562,
3275,21563,
3276,21564,
3277,21565,
3278,21566,
3279,21567,
3280,21568,
3281,21569,
3282,21570,
3283,21571,
3284,21572,
3285,21573,
3286,21574,
3287,21575,
3288,21576,
3289,21577,
3290,21578,
3291,21579,
3292,21580,
3293,21581,
3294,21582,
3295,21583,
3296,21584,
3297,21585,
3298,21586,
3299,21587,
3300,21588,
3301,21589,
3302,21590,
3303,21591,
3304,21592,
3305,21593,
3306,21594,
3307,21595,
3308,21596,
3309,21597,
3310,21598,
3311,21599,
3312,21600,
3313,21601,
3314,21602,
3315,21603,
3316,21604,
3317,21605,
3318,21606,
3319,21607,
3320,21608,
3321,21609,
3322,21610,
3323,21611,
3324,21612,
3325,21613,
3326,21614,
3327,21615,
3328,21616,
3329,21617,
3330,21618,
3331,21619,
3332,21620,
3333,21621,
3334,21622,
3335,21623,
3336,21624,
3337,21625,
3338,21626,
3339,21627,
3340,21628,
3341,21629,
3342,21630,
3343,21631,
3344,21632,
3345,21633,
3346,21634,
3347,21635,
3348,21636,
3349,21637,
3350,21638,
3351,21639,
3352,21640,
3353,21641,
3354,21642,
3355,21643,
3356,21644,
3357,21645,
3358,21646,
3359,21647,
3360,21648,
3361,21649,
3362,21650,
3363,21651,
3364,21652,
3365,21653,
3366,21654,
3367,21655,
3368,21656,
3369,21657,
3370,21658,
3371,21659,
3372,21660,
3373,21661,
3374,21662,
3375,21663,
3376,21664,
3377,21665,
3378,21666,
3379,21667,
3380,21668,
3381,21669,
3382,21670,
3383,21671,
3384,21672,
3385,21673,
3386,21674,
3387,21675,
3388,21676,
3389,21677,
3390,21678,
3391,21679,
3392,21680,
3393,21681,
3394,21682,
3395,21683,
3396,21684,
3397,21685,
3398,21686,
3399,21687,
3400,21688,
3401,21689,
3402,21690,
3403,21691,
3404,21692,
3405,21693,
3406,21694,
3407,21695,
3408,21696,
3409,21697,
3410,21698,
3411,21699,
3412,21700,
3413,21701,
3414,21702,
3415,21703,
3416,21704,
3417,21705,
3418,21706,
3419,21707,
3420,21708,
3421,21709,
3422,21710,
3423,21711,
3424,21712,
3425,21713,
3426,21714,
3427,21715,
3428,21716,
3429,21717,
3430,21718,
3431,21719,
3432,21720,
3433,21721,
3434,21722,
3435,21723,
3436,21724,
3437,21725,
3438,21726,
3439,21727,
3440,21728,
3441,21729,
3442,21730,
3443,21731,
3444,21732,
3445,21733,
3446,21734,
3447,21735,
3448,21736,
3449,21737,
3450,21738,
3451,21739,
3452,21740,
3453,21741,
3454,21742,
3455,21743,
3456,21744,
3457,21745,
3458,21746,
3459,21747,
3460,21748,
3461,21749,
3462,21750,
3463,21751,
3464,21752,
3465,21753,
3466,21754,
3467,21755,
3468,21756,
3469,21757,
3470,21758,
3471,21759,
3472,21760,
3473,21761,
3474,21762,
3475,21763,
3476,21764,
3477,21765,
3478,21766,
3479,21767,
3480,21768,
3481,21769,
3482,21770,
3483,21771,
3484,21772,
3485,21773,
3486,21774,
3487,21775,
3488,21776,
3489,21777,
3490,21778,
3491,21779,
3492,21780,
3493,21781,
3494,21782,
3495,21783,
3496,21784,
3497,21785,
3498,21786,
3499,21787,
3500,21788,
3501,21789,
3502,21790,
3503,21791,
3504,21792,
3505,21793,
3506,21794,
3507,21795,
3508,21796,
3509,21797,
3510,21798,
3511,21799,
3512,21800,
3513,21801,
3514,21802,
3515,21803,
3516,21804,
3517,21805,
3518,21806,
3519,21807,
3520,21808,
3521,21809,
3522,21810,
3523,21811,
3524,21812,
3525,21813,
3526,21814,
3527,21815,
3528,21816,
3529,21817,
3530,21818,
3531,21819,
3532,21820,
3533,21821,
3534,21822,
3535,21823,
3536,21824,
3537,21825,
3538,21826,
3539,21827,
3540,21828,
3541,21829,
3542,21830,
3543,21831,
3544,21832,
3545,21833,
3546,21834,
3547,21835,
3548,21836,
3549,21837,
3550,21838,
3551,21839,
3552,21840,
3553,21841,
3554,21842,
3555,21843,
3556,21844,
3557,21845,
3558,21846,
3559,21847,
3560,21848,
3561,21849,
3562,21850,
3563,21851,
3564,21852,
3565,21853,
3566,21854,
3567,21855,
3568,21856,
3569,21857,
3570,21858,
3571,21859,
3572,21860,
3573,21861,
3574,21862,
3575,21863,
3576,21864,
3577,21865,
3578,21866,
3579,21867,
3580,21868,
3581,21869,
3582,21870,
3583,21871,
3584,21872,
3585,21873,
3586,21874,
3587,21875,
3588,21876,
3589,21877,
3590,21878,
3591,21879,
3592,21880,
3593,21881,
3594,21882,
3595,21883,
3596,21884,
3597,21885,
3598,21886,
3599,21887,
3600,21888,
3601,21889,
3602,21890,
3603,21891,
3604,21892,
3605,21893,
3606,21894,
3607,21895,
3608,21896,
3609,21897,
3610,21898,
3611,21899,
3612,21900,
3613,21901,
3614,21902,
3615,21903,
3616,21904,
3617,21905,
3618,21906,
3619,21907,
3620,21908,
3621,21909,
3622,21910,
3623,21911,
3624,21912,
3625,21913,
3626,21914,
3627,21915,
3628,21916,
3629,21917,
3630,21918,
3631,21919,
3632,21920,
3633,21921,
3634,21922,
3635,21923,
3636,21924,
3637,21925,
3638,21926,
3639,21927,
3640,21928,
3641,21929,
3642,21930,
3643,21931,
3644,21932,
3645,21933,
3646,21934,
3647,21935,
3648,21936,
3649,21937,
3650,21938,
3651,21939,
3652,21940,
3653,21941,
3654,21942,
3655,21943,
3656,21944,
3657,21945,
3658,21946,
3659,21947,
3660,21948,
3661,21949,
3662,21950,
3663,21951,
3664,21952,
3665,21953,
3666,21954,
3667,21955,
3668,21956,
3669,21957,
3670,21958,
3671,21959,
3672,21960,
3673,21961,
3674,21962,
3675,21963,
3676,21964,
3677,21965,
3678,21966,
3679,21967,
3680,21968,
3681,21969,
3682,21970,
3683,21971,
3684,21972,
3685,21973,
3686,21974,
3687,21975,
3688,21976,
3689,21977,
3690,21978,
3691,21979,
3692,21980,
3693,21981,
3694,21982,
3695,21983,
3696,21984,
3697,21985,
3698,21986,
3699,21987,
3700,21988,
3701,21989,
3702,21990,
3703,21991,
3704,21992,
3705,21993,
3706,21994,
3707,21995,
3708,21996,
3709,21997,
3710,21998,
3711,21999,
3712,22000,
3713,22001,
3714,22002,
3715,22003,
3716,22004,
3717,22005,
3718,22006,
3719,22007,
3720,22008,
3721,22009,
3722,22010,
3723,22011,
3724,22012,
3725,22013,
3726,22014,
3727,22015,
3728,22016,
3729,22017,
3730,22018,
3731,22019,
3732,22020,
3733,22021,
3734,22022,
3735,22023,
3736,22024,
3737,22025,
3738,22026,
3739,22027,
3740,22028,
3741,22029,
3742,22030,
3743,22031,
3744,22032,
3745,22033,
3746,22034,
3747,22035,
3748,22036,
3749,22037,
3750,22038,
3751,22039,
3752,22040,
3753,22041,
3754,22042,
3755,22043,
3756,22044,
3757,22045,
3758,22046,
3759,22047,
3760,22048,
3761,22049,
3762,22050,
3763,22051,
3764,22052,
3765,22053,
3766,22054,
3767,22055,
3768,22056,
3769,22057,
3770,22058,
3771,22059,
3772,22060,
3773,22061,
3774,22062,
3775,22063,
3776,22064,
3777,22065,
3778,22066,
3779,22067,
3780,22068,
3781,22069,
3782,22070,
3783,22071,
3784,22072,
3785,22073,
3786,22074,
3787,22075,
3788,22076,
3789,22077,
3790,22078,
3791,22079,
3792,22080,
3793,22081,
3794,22082,
3795,22083,
3796,22084,
3797,22085,
3798,22086,
3799,22087,
3800,22088,
3801,22089,
3802,22090,
3803,22091,
3804,22092,
3805,22093,
3806,22094,
3807,22095,
3808,22096,
3809,22097,
3810,22098,
3811,22099,
3812,22100,
3813,22101,
3814,22102,
3815,22103,
3816,22104,
3817,22105,
3818,22106,
3819,22107,
3820,22108,
3821,22109,
3822,22110,
3823,22111,
3824,22112,
3825,22113,
3826,22114,
3827,22115,
3828,22116,
3829,22117,
3830,22118,
3831,22119,
3832,22120,
3833,22121,
3834,22122,
3835,22123,
3836,22124,
3837,22125,
3838,22126,
3839,22127,
3840,22128,
3841,22129,
3842,22130,
3843,22131,
3844,22132,
3845,22133,
3846,22134,
3847,22135,
3848,22136,
3849,22137,
3850,22138,
3851,22139,
3852,22140,
3853,22141,
3854,22142,
3855,22143,
3856,22144,
3857,22145,
3858,22146,
3859,22147,
3860,22148,
3861,22149,
3862,22150,
3863,22151,
3864,22152,
3865,22153,
3866,22154,
3867,22155,
3868,22156,
3869,22157,
3870,22158,
3871,22159,
3872,22160,
3873,22161,
3874,22162,
3875,22163,
3876,22164,
3877,22165,
3878,22166,
3879,22167,
3880,22168,
3881,22169,
3882,22170,
3883,22171,
3884,22172,
3885,22173,
3886,22174,
3887,22175,
3888,22176,
3889,22177,
3890,22178,
3891,22179,
3892,22180,
3893,22181,
3894,22182,
3895,22183,
3896,22184,
3897,22185,
3898,22186,
3899,22187,
3900,22188,
3901,22189,
3902,22190,
3903,22191,
3904,22192,
3905,22193,
3906,22194,
3907,22195,
3908,22196,
3909,22197,
3910,22198,
3911,22199,
3912,22200,
3913,22201,
3914,22202,
3915,22203,
3916,22204,
3917,22205,
3918,22206,
3919,22207,
3920,22208,
3921,22209,
3922,22210,
3923,22211,
3924,22212,
3925,22213,
3926,22214,
3927,22215,
3928,22216,
3929,22217,
3930,22218,
3931,22219,
3932,22220,
3933,22221,
3934,22222,
3935,22223,
3936,22224,
3937,22225,
3938,22226,
3939,22227,
3940,22228,
3941,22229,
3942,22230,
3943,22231,
3944,22232,
3945,22233,
3946,22234,
3947,22235,
3948,22236,
3949,22237,
3950,22238,
3951,22239,
3952,22240,
3953,22241,
3954,22242,
3955,22243,
3956,22244,
3957,22245,
3958,22246,
3959,22247,
3960,22248,
3961,22249,
3962,22250,
3963,22251,
3964,22252,
3965,22253,
3966,22254,
3967,22255,
3968,22256,
3969,22257,
3970,22258,
3971,22259,
3972,22260,
3973,22261,
3974,22262,
3975,22263,
3976,22264,
3977,22265,
3978,22266,
3979,22267,
3980,22268,
3981,22269,
3982,22270,
3983,22271,
3984,22272,
3985,22273,
3986,22274,
3987,22275,
3988,22276,
3989,22277,
3990,22278,
3991,22279,
3992,22280,
3993,22281,
3994,22282,
3995,22283,
3996,22284,
3997,22285,
3998,22286,
3999,22287,
4000,22288,
4001,22289,
4002,22290,
4003,22291,
4004,22292,
4005,22293,
4006,22294,
4007,22295,
4008,22296,
4009,22297,
4010,22298,
4011,22299,
4012,22300,
4013,22301,
4014,22302,
4015,22303,
4016,22304,
4017,22305,
4018,22306,
4019,22307,
4020,22308,
4021,22309,
4022,22310,
4023,22311,
4024,22312,
4025,22313,
4026,22314,
4027,22315,
4028,22316,
4029,22317,
4030,22318,
4031,22319,
4032,22320,
4033,22321,
4034,22322,
4035,22323,
4036,22324,
4037,22325,
4038,22326,
4039,22327,
4040,22328,
4041,22329,
4042,22330,
4043,22331,
4044,22332,
4045,22333,
4046,22334,
4047,22335,
4048,22336,
4049,22337,
4050,22338,
4051,22339,
4052,22340,
4053,22341,
4054,22342,
4055,22343,
4056,22344,
4057,22345,
4058,22346,
4059,22347,
4060,22348,
4061,22349,
4062,22350,
4063,22351,
4064,22352,
4065,22353,
4066,22354,
4067,22355,
4068,22356,
4069,22357,
4070,22358,
4071,22359,
4072,22360,
4073,22361,
4074,22362,
4075,22363,
4076,22364,
4077,22365,
4078,22366,
4079,22367,
4080,22368,
4081,22369,
4082,22370,
4083,22371,
4084,22372,
4085,22373,
4086,22374,
4087,22375,
4088,22376,
4089,22377,
4090,22378,
4091,22379,
4092,22380,
4093,22381,
4094,22382,
4095,22383,
4096,22384,
4097,22385,
4098,22386,
4099,22387,
4100,22388,
4101,22389,
4102,22390,
4103,22391,
4104,22392,
4105,22393,
4106,22394,
4107,22395,
4108,22396,
4109,22397,
4110,22398,
4111,22399,
4112,22400,
4113,22401,
4114,22402,
4115,22403,
4116,22404,
4117,22405,
4118,22406,
4119,22407,
4120,22408,
4121,22409,
4122,22410,
4123,22411,
4124,22412,
4125,22413,
4126,22414,
4127,22415,
4128,22416,
4129,22417,
4130,22418,
4131,22419,
4132,22420,
4133,22421,
4134,22422,
4135,22423,
4136,22424,
4137,22425,
4138,22426,
4139,22427,
4140,22428,
4141,22429,
4142,22430,
4143,22431,
4144,22432,
4145,22433,
4146,22434,
4147,22435,
4148,22436,
4149,22437,
4150,22438,
4151,22439,
4152,22440,
4153,22441,
4154,22442,
4155,22443,
4156,22444,
4157,22445,
4158,22446,
4159,22447,
4160,22448,
4161,22449,
4162,22450,
4163,22451,
4164,22452,
4165,22453,
4166,22454,
4167,22455,
4168,22456,
4169,22457,
4170,22458,
4171,22459,
4172,22460,
4173,22461,
4174,22462,
4175,22463,
4176,22464,
4177,22465,
4178,22466,
4179,22467,
4180,22468,
4181,22469,
4182,22470,
4183,22471,
4184,22472,
4185,22473,
4186,22474,
4187,22475,
4188,22476,
4189,22477,
4190,22478,
4191,22479,
4192,22480,
4193,22481,
4194,22482,
4195,22483,
4196,22484,
4197,22485,
4198,22486,
4199,22487,
4200,22488,
4201,22489,
4202,22490,
4203,22491,
4204,22492,
4205,22493,
4206,22494,
4207,22495,
4208,22496,
4209,22497,
4210,22498,
4211,22499,
4212,22500,
4213,22501,
4214,22502,
4215,22503,
4216,22504,
4217,22505,
4218,22506,
4219,22507,
4220,22508,
4221,22509,
4222,22510,
4223,22511,
4224,22512,
4225,22513,
4226,22514,
4227,22515,
4228,22516,
4229,22517,
4230,22518,
4231,22519,
4232,22520,
4233,22521,
4234,22522,
4235,22523,
4236,22524,
4237,22525,
4238,22526,
4239,22527,
4240,22528,
4241,22529,
4242,22530,
4243,22531,
4244,22532,
4245,22533,
4246,22534,
4247,22535,
4248,22536,
4249,22537,
4250,22538,
4251,22539,
4252,22540,
4253,22541,
4254,22542,
4255,22543,
4256,22544,
4257,22545,
4258,22546,
4259,22547,
4260,22548,
4261,22549,
4262,22550,
4263,22551,
4264,22552,
4265,22553,
4266,22554,
4267,22555,
4268,22556,
4269,22557,
4270,22558,
4271,22559,
4272,22560,
4273,22561,
4274,22562,
4275,22563,
4276,22564,
4277,22565,
4278,22566,
4279,22567,
4280,22568,
4281,22569,
4282,22570,
4283,22571,
4284,22572,
4285,22573,
4286,22574,
4287,22575,
4288,22576,
4289,22577,
4290,22578,
4291,22579,
4292,22580,
4293,22581,
4294,22582,
4295,22583,
4296,22584,
4297,22585,
4298,22586,
4299,22587,
4300,22588,
4301,22589,
4302,22590,
4303,22591,
4304,22592,
4305,22593,
4306,22594,
4307,22595,
4308,22596,
4309,22597,
4310,22598,
4311,22599,
4312,22600,
4313,22601,
4314,22602,
4315,22603,
4316,22604,
4317,22605,
4318,22606,
4319,22607,
4320,22608,
4321,22609,
4322,22610,
4323,22611,
4324,22612,
4325,22613,
4326,22614,
4327,22615,
4328,22616,
4329,22617,
4330,22618,
4331,22619,
4332,22620,
4333,22621,
4334,22622,
4335,22623,
4336,22624,
4337,22625,
4338,22626,
4339,22627,
4340,22628,
4341,22629,
4342,22630,
4343,22631,
4344,22632,
4345,22633,
4346,22634,
4347,22635,
4348,22636,
4349,22637,
4350,22638,
4351,22639,
4352,22640,
4353,22641,
4354,22642,
4355,22643,
4356,22644,
4357,22645,
4358,22646,
4359,22647,
4360,22648,
4361,22649,
4362,22650,
4363,22651,
4364,22652,
4365,22653,
4366,22654,
4367,22655,
4368,22656,
4369,22657,
4370,22658,
4371,22659,
4372,22660,
4373,22661,
4374,22662,
4375,22663,
4376,22664,
4377,22665,
4378,22666,
4379,22667,
4380,22668,
4381,22669,
4382,22670,
4383,22671,
4384,22672,
4385,22673,
4386,22674,
4387,22675,
4388,22676,
4389,22677,
4390,22678,
4391,22679,
4392,22680,
4393,22681,
4394,22682,
4395,22683,
4396,22684,
4397,22685,
4398,22686,
4399,22687,
4400,22688,
4401,22689,
4402,22690,
4403,22691,
4404,22692,
4405,22693,
4406,22694,
4407,22695,
4408,22696,
4409,22697,
4410,22698,
4411,22699,
4412,22700,
4413,22701,
4414,22702,
4415,22703,
4416,22704,
4417,22705,
4418,22706,
4419,22707,
4420,22708,
4421,22709,
4422,22710,
4423,22711,
4424,22712,
4425,22713,
4426,22714,
4427,22715,
4428,22716,
4429,22717,
4430,22718,
4431,22719,
4432,22720,
4433,22721,
4434,22722,
4435,22723,
4436,22724,
4437,22725,
4438,22726,
4439,22727,
4440,22728,
4441,22729,
4442,22730,
4443,22731,
4444,22732,
4445,22733,
4446,22734,
4447,22735,
4448,22736,
4449,22737,
4450,22738,
4451,22739,
4452,22740,
4453,22741,
4454,22742,
4455,22743,
4456,22744,
4457,22745,
4458,22746,
4459,22747,
4460,22748,
4461,22749,
4462,22750,
4463,22751,
4464,22752,
4465,22753,
4466,22754,
4467,22755,
4468,22756,
4469,22757,
4470,22758,
4471,22759,
4472,22760,
4473,22761,
4474,22762,
4475,22763,
4476,22764,
4477,22765,
4478,22766,
4479,22767,
4480,22768,
4481,22769,
4482,22770,
4483,22771,
4484,22772,
4485,22773,
4486,22774,
4487,22775,
4488,22776,
4489,22777,
4490,22778,
4491,22779,
4492,22780,
4493,22781,
4494,22782,
4495,22783,
4496,22784,
4497,22785,
4498,22786,
4499,22787,
4500,22788,
4501,22789,
4502,22790,
4503,22791,
4504,22792,
4505,22793,
4506,22794,
4507,22795,
4508,22796,
4509,22797,
4510,22798,
4511,22799,
4512,22800,
4513,22801,
4514,22802,
4515,22803,
4516,22804,
4517,22805,
4518,22806,
4519,22807,
4520,22808,
4521,22809,
4522,22810,
4523,22811,
4524,22812,
4525,22813,
4526,22814,
4527,22815,
4528,22816,
4529,22817,
4530,22818,
4531,22819,
4532,22820,
4533,22821,
4534,22822,
4535,22823,
4536,22824,
4537,22825,
4538,22826,
4539,22827,
4540,22828,
4541,22829,
4542,22830,
4543,22831,
4544,22832,
4545,22833,
4546,22834,
4547,22835,
4548,22836,
4549,22837,
4550,22838,
4551,22839,
4552,22840,
4553,22841,
4554,22842,
4555,22843,
4556,22844,
4557,22845,
4558,22846,
4559,22847,
4560,22848,
4561,22849,
4562,22850,
4563,22851,
4564,22852,
4565,22853,
4566,22854,
4567,22855,
4568,22856,
4569,22857,
4570,22858,
4571,22859,
4572,22860,
4573,22861,
4574,22862,
4575,22863,
4576,22864,
4577,22865,
4578,22866,
4579,22867,
4580,22868,
4581,22869,
4582,22870,
4583,22871,
4584,22872,
4585,22873,
4586,22874,
4587,22875,
4588,22876,
4589,22877,
4590,22878,
4591,22879,
4592,22880,
4593,22881,
4594,22882,
4595,22883,
4596,22884,
4597,22885,
4598,22886,
4599,22887,
4600,22888,
4601,22889,
4602,22890,
4603,22891,
4604,22892,
4605,22893,
4606,22894,
4607,22895,
4608,22896,
4609,22897,
4610,22898,
4611,22899,
4612,22900,
4613,22901,
4614,22902,
4615,22903,
4616,22904,
4617,22905,
4618,22906,
4619,22907,
4620,22908,
4621,22909,
4622,22910,
4623,22911,
4624,22912,
4625,22913,
4626,22914,
4627,22915,
4628,22916,
4629,22917,
4630,22918,
4631,22919,
4632,22920,
4633,22921,
4634,22922,
4635,22923,
4636,22924,
4637,22925,
4638,22926,
4639,22927,
4640,22928,
4641,22929,
4642,22930,
4643,22931,
4644,22932,
4645,22933,
4646,22934,
4647,22935,
4648,22936,
4649,22937,
4650,22938,
4651,22939,
4652,22940,
4653,22941,
4654,22942,
4655,22943,
4656,22944,
4657,22945,
4658,22946,
4659,22947,
4660,22948,
4661,22949,
4662,22950,
4663,22951,
4664,22952,
4665,22953,
4666,22954,
4667,22955,
4668,22956,
4669,22957,
4670,22958,
4671,22959,
4672,22960,
4673,22961,
4674,22962,
4675,22963,
4676,22964,
4677,22965,
4678,22966,
4679,22967,
4680,22968,
4681,22969,
4682,22970,
4683,22971,
4684,22972,
4685,22973,
4686,22974,
4687,22975,
4688,22976,
4689,22977,
4690,22978,
4691,22979,
4692,22980,
4693,22981,
4694,22982,
4695,22983,
4696,22984,
4697,22985,
4698,22986,
4699,22987,
4700,22988,
4701,22989,
4702,22990,
4703,22991,
4704,22992,
4705,22993,
4706,22994,
4707,22995,
4708,22996,
4709,22997,
4710,22998,
4711,22999,
4712,23000,
4713,23001,
4714,23002,
4715,23003,
4716,23004,
4717,23005,
4718,23006,
4719,23007,
4720,23008,
4721,23009,
4722,23010,
4723,23011,
4724,23012,
4725,23013,
4726,23014,
4727,23015,
4728,23016,
4729,23017,
4730,23018,
4731,23019,
4732,23020,
4733,23021,
4734,23022,
4735,23023,
4736,23024,
4737,23025,
4738,23026,
4739,23027,
4740,23028,
4741,23029,
4742,23030,
4743,23031,
4744,23032,
4745,23033,
4746,23034,
4747,23035,
4748,23036,
4749,23037,
4750,23038,
4751,23039,
4752,23040,
4753,23041,
4754,23042,
4755,23043,
4756,23044,
4757,23045,
4758,23046,
4759,23047,
4760,23048,
4761,23049,
4762,23050,
4763,23051,
4764,23052,
4765,23053,
4766,23054,
4767,23055,
4768,23056,
4769,23057,
4770,23058,
4771,23059,
4772,23060,
4773,23061,
4774,23062,
4775,23063,
4776,23064,
4777,23065,
4778,23066,
4779,23067,
4780,23068,
4781,23069,
4782,23070,
4783,23071,
4784,23072,
4785,23073,
4786,23074,
4787,23075,
4788,23076,
4789,23077,
4790,23078,
4791,23079,
4792,23080,
4793,23081,
4794,23082,
4795,23083,
4796,23084,
4797,23085,
4798,23086,
4799,23087,
4800,23088,
4801,23089,
4802,23090,
4803,23091,
4804,23092,
4805,23093,
4806,23094,
4807,23095,
4808,23096,
4809,23097,
4810,23098,
4811,23099,
4812,23100,
4813,23101,
4814,23102,
4815,23103,
4816,23104,
4817,23105,
4818,23106,
4819,23107,
4820,23108,
4821,23109,
4822,23110,
4823,23111,
4824,23112,
4825,23113,
4826,23114,
4827,23115,
4828,23116,
4829,23117,
4830,23118,
4831,23119,
4832,23120,
4833,23121,
4834,23122,
4835,23123,
4836,23124,
4837,23125,
4838,23126,
4839,23127,
4840,23128,
4841,23129,
4842,23130,
4843,23131,
4844,23132,
4845,23133,
4846,23134,
4847,23135,
4848,23136,
4849,23137,
4850,23138,
4851,23139,
4852,23140,
4853,23141,
4854,23142,
4855,23143,
4856,23144,
4857,23145,
4858,23146,
4859,23147,
4860,23148,
4861,23149,
4862,23150,
4863,23151,
4864,23152,
4865,23153,
4866,23154,
4867,23155,
4868,23156,
4869,23157,
4870,23158,
4871,23159,
4872,23160,
4873,23161,
4874,23162,
4875,23163,
4876,23164,
4877,23165,
4878,23166,
4879,23167,
4880,23168,
4881,23169,
4882,23170,
4883,23171,
4884,23172,
4885,23173,
4886,23174,
4887,23175,
4888,23176,
4889,23177,
4890,23178,
4891,23179,
4892,23180,
4893,23181,
4894,23182,
4895,23183,
4896,23184,
4897,23185,
4898,23186,
4899,23187,
4900,23188,
4901,23189,
4902,23190,
4903,23191,
4904,23192,
4905,23193,
4906,23194,
4907,23195,
4908,23196,
4909,23197,
4910,23198,
4911,23199,
4912,23200,
4913,23201,
4914,23202,
4915,23203,
4916,23204,
4917,23205,
4918,23206,
4919,23207,
4920,23208,
4921,23209,
4922,23210,
4923,23211,
4924,23212,
4925,23213,
4926,23214,
4927,23215,
4928,23216,
4929,23217,
4930,23218,
4931,23219,
4932,23220,
4933,23221,
4934,23222,
4935,23223,
4936,23224,
4937,23225,
4938,23226,
4939,23227,
4940,23228,
4941,23229,
4942,23230,
4943,23231,
4944,23232,
4945,23233,
4946,23234,
4947,23235,
4948,23236,
4949,23237,
4950,23238,
4951,23239,
4952,23240,
4953,23241,
4954,23242,
4955,23243,
4956,23244,
4957,23245,
4958,23246,
4959,23247,
4960,23248,
4961,23249,
4962,23250,
4963,23251,
4964,23252,
4965,23253,
4966,23254,
4967,23255,
4968,23256,
4969,23257,
4970,23258,
4971,23259,
4972,23260,
4973,23261,
4974,23262,
4975,23263,
4976,23264,
4977,23265,
4978,23266,
4979,23267,
4980,23268,
4981,23269,
4982,23270,
4983,23271,
4984,23272,
4985,23273,
4986,23274,
4987,23275,
4988,23276,
4989,23277,
4990,23278,
4991,23279,
4992,23280,
4993,23281,
4994,23282,
4995,23283,
4996,23284,
4997,23285,
4998,23286,
4999,23287,
5000,23288,
5001,23289,
5002,23290,
5003,23291,
5004,23292,
5005,23293,
5006,23294,
5007,23295,
5008,23296,
5009,23297,
5010,23298,
5011,23299,
5012,23300,
5013,23301,
5014,23302,
5015,23303,
5016,23304,
5017,23305,
5018,23306,
5019,23307,
5020,23308,
5021,23309,
5022,23310,
5023,23311,
5024,23312,
5025,23313,
5026,23314,
5027,23315,
5028,23316,
5029,23317,
5030,23318,
5031,23319,
5032,23320,
5033,23321,
5034,23322,
5035,23323,
5036,23324,
5037,23325,
5038,23326,
5039,23327,
5040,23328,
5041,23329,
5042,23330,
5043,23331,
5044,23332,
5045,23333,
5046,23334,
5047,23335,
5048,23336,
5049,23337,
5050,23338,
5051,23339,
5052,23340,
5053,23341,
5054,23342,
5055,23343,
5056,23344,
5057,23345,
5058,23346,
5059,23347,
5060,23348,
5061,23349,
5062,23350,
5063,23351,
5064,23352,
5065,23353,
5066,23354,
5067,23355,
5068,23356,
5069,23357,
5070,23358,
5071,23359,
5072,23360,
5073,23361,
5074,23362,
5075,23363,
5076,23364,
5077,23365,
5078,23366,
5079,23367,
5080,23368,
5081,23369,
5082,23370,
5083,23371,
5084,23372,
5085,23373,
5086,23374,
5087,23375,
5088,23376,
5089,23377,
5090,23378,
5091,23379,
5092,23380,
5093,23381,
5094,23382,
5095,23383,
5096,23384,
5097,23385,
5098,23386,
5099,23387,
5100,23388,
5101,23389,
5102,23390,
5103,23391,
5104,23392,
5105,23393,
5106,23394,
5107,23395,
5108,23396,
5109,23397,
5110,23398,
5111,23399,
